{"cameraMode":{"drawMode":0,"name":"Shaded","section":"Shading Mode"},"sceneLighting":true,"audioPlay":false,"sceneViewState":{"m_AlwaysRefresh":false,"showFog":true,"showSkybox":true,"showFlares":true,"showImageEffects":true,"showParticleSystems":true,"showVisualEffectGraphs":true,"m_FxEnabled":true},"in2DMode":false,"pivot":{"x":218.56060791015626,"y":262.6937255859375,"z":-23.5665283203125},"rotation":{"x":-0.038392409682273868,"y":-0.17565102875232697,"z":0.006855532992631197,"w":-0.9836806654930115},"size":149.4192352294922,"orthographic":false}